{"410": {"wordpress_user_name": "roger", "title": "img_20170308_155049248_33196894011_o", "date_utc": "2017-03-09 19:08:45", "files_meta": [{"height": 720, "width": 1280, "meta": {"created_timestamp": 1488988249.0, "shutter_speed": 0.02999, "focal_length": 2.471, "camera": "MotoE2(4G-LTE)", "aperture": 2.2, "iso": 125.0}}, {"height": 432, "size": "medium_large", "width": 768}, {"height": 169, "size": "medium", "width": 300}, {"height": 150, "size": "thumbnail", "width": 150}, {"height": 576, "size": "large", "width": 1024}], "files": ["/wp-content/uploads/2017/03/img_20170308_155049248_33196894011_o.jpg", "/wp-content/uploads/2017/03/img_20170308_155049248_33196894011_o-768x432.jpg", "/wp-content/uploads/2017/03/img_20170308_155049248_33196894011_o-300x169.jpg", "/wp-content/uploads/2017/03/img_20170308_155049248_33196894011_o-150x150.jpg", "/wp-content/uploads/2017/03/img_20170308_155049248_33196894011_o-1024x576.jpg"]}}