{"385": {"wordpress_user_name": "roger", "title": "stickers", "date_utc": "2016-05-10 14:43:38", "files_meta": [{"height": 253, "width": 338, "meta": {"created_timestamp": 1462563610.0, "shutter_speed": 0.5, "focal_length": 48.0, "camera": "NIKON D3200", "aperture": 5.3, "iso": 800.0}}, {"height": 225, "size": "medium", "width": 300}, {"height": 150, "size": "thumbnail", "width": 150}], "files": ["/wp-content/uploads/2016/05/stickers.jpg", "/wp-content/uploads/2016/05/stickers-300x225.jpg", "/wp-content/uploads/2016/05/stickers-150x150.jpg"]}}